,,,,
RCP85__EMISSIONS____________________________,,,,
COLUMN_DESCRIPTION________________________________________,,,,
"1. FossilCO2        - Fossil & Industrial CO2 (Fossil, Cement, Gas Flaring & Bunker Fuels)",,,,
COLUMN:,RCP85,RCP60,RCP45,RCP26
UNITS:,GtC/yr,GtC/yr,GtC/yr,GtC/yr
v YEARS/GAS >,FossilCO2,FossilCO2,FossilCO2,FossilCO2
1765,0.003,0.003,0.003,0.003
1766,0.003,0.003,0.003,0.003
1767,0.003,0.003,0.003,0.003
1768,0.003,0.003,0.003,0.003
1769,0.003,0.003,0.003,0.003
1770,0.003,0.003,0.003,0.003
1771,0.0039999999,0.0039999999,0.0039999999,0.0039999999
1772,0.0039999999,0.0039999999,0.0039999999,0.0039999999
1773,0.0039999999,0.0039999999,0.0039999999,0.0039999999
1774,0.0039999999,0.0039999999,0.0039999999,0.0039999999
1775,0.0039999999,0.0039999999,0.0039999999,0.0039999999
1776,0.0039999999,0.0039999999,0.0039999999,0.0039999999
1777,0.0039999999,0.0039999999,0.0039999999,0.0039999999
1778,0.0039999999,0.0039999999,0.0039999999,0.0039999999
1779,0.0039999999,0.0039999999,0.0039999999,0.0039999999
1780,0.0039999999,0.0039999999,0.0039999999,0.0039999999
1781,0.0049999999,0.0049999999,0.0049999999,0.0049999999
1782,0.0049999999,0.0049999999,0.0049999999,0.0049999999
1783,0.0049999999,0.0049999999,0.0049999999,0.0049999999
1784,0.0049999999,0.0049999999,0.0049999999,0.0049999999
1785,0.0049999999,0.0049999999,0.0049999999,0.0049999999
1786,0.0049999999,0.0049999999,0.0049999999,0.0049999999
1787,0.0049999999,0.0049999999,0.0049999999,0.0049999999
1788,0.0049999999,0.0049999999,0.0049999999,0.0049999999
1789,0.0049999999,0.0049999999,0.0049999999,0.0049999999
1790,0.0049999999,0.0049999999,0.0049999999,0.0049999999
1791,0.0059999999,0.0059999999,0.0059999999,0.0059999999
1792,0.0059999999,0.0059999999,0.0059999999,0.0059999999
1793,0.0059999999,0.0059999999,0.0059999999,0.0059999999
1794,0.0059999999,0.0059999999,0.0059999999,0.0059999999
1795,0.0059999999,0.0059999999,0.0059999999,0.0059999999
1796,0.0059999999,0.0059999999,0.0059999999,0.0059999999
1797,0.0069999999,0.0069999999,0.0069999999,0.0069999999
1798,0.0069999999,0.0069999999,0.0069999999,0.0069999999
1799,0.0069999999,0.0069999999,0.0069999999,0.0069999999
1800,0.0079999999,0.0079999999,0.0079999999,0.0079999999
1801,0.0079999999,0.0079999999,0.0079999999,0.0079999999
1802,0.0099999999,0.0099999999,0.0099999999,0.0099999999
1803,0.0089999999,0.0089999999,0.0089999999,0.0089999999
1804,0.0089999999,0.0089999999,0.0089999999,0.0089999999
1805,0.0089999999,0.0089999999,0.0089999999,0.0089999999
1806,0.0099999998,0.0099999998,0.0099999998,0.0099999998
1807,0.0099999999,0.0099999999,0.0099999999,0.0099999999
1808,0.0099999999,0.0099999999,0.0099999999,0.0099999999
1809,0.0099999999,0.0099999999,0.0099999999,0.0099999999
1810,0.0099999999,0.0099999999,0.0099999999,0.0099999999
1811,0.011,0.011,0.011,0.011
1812,0.011,0.011,0.011,0.011
1813,0.011,0.011,0.011,0.011
1814,0.011,0.011,0.011,0.011
1815,0.012,0.012,0.012,0.012
1816,0.013,0.013,0.013,0.013
1817,0.014,0.014,0.014,0.014
1818,0.014,0.014,0.014,0.014
1819,0.014,0.014,0.014,0.014
1820,0.014,0.014,0.014,0.014
1821,0.014,0.014,0.014,0.014
1822,0.015,0.015,0.015,0.015
1823,0.016,0.016,0.016,0.016
1824,0.016,0.016,0.016,0.016
1825,0.017,0.017,0.017,0.017
1826,0.017,0.017,0.017,0.017
1827,0.018,0.018,0.018,0.018
1828,0.018,0.018,0.018,0.018
1829,0.018,0.018,0.018,0.018
1830,0.024,0.024,0.024,0.024
1831,0.023,0.023,0.023,0.023
1832,0.023,0.023,0.023,0.023
1833,0.024,0.024,0.024,0.024
1834,0.024,0.024,0.024,0.024
1835,0.025,0.025,0.025,0.025
1836,0.029,0.029,0.029,0.029
1837,0.029,0.029,0.029,0.029
1838,0.03,0.03,0.03,0.03
1839,0.031,0.031,0.031,0.031
1840,0.032999999,0.032999999,0.032999999,0.032999999
1841,0.033999999,0.033999999,0.033999999,0.033999999
1842,0.035999999,0.035999999,0.035999999,0.035999999
1843,0.036999999,0.036999999,0.036999999,0.036999999
1844,0.038999999,0.038999999,0.038999999,0.038999999
1845,0.042999999,0.042999999,0.042999999,0.042999999
1846,0.042999999,0.042999999,0.042999999,0.042999999
1847,0.045999999,0.045999999,0.045999999,0.045999999
1848,0.046999999,0.046999999,0.046999999,0.046999999
1849,0.049999999,0.049999999,0.049999999,0.049999999
1850,0.053999999,0.053999999,0.053999999,0.053999999
1851,0.053999999,0.053999999,0.053999999,0.053999999
1852,0.056999999,0.056999999,0.056999999,0.056999999
1853,0.058999999,0.058999999,0.058999999,0.058999999
1854,0.068999999,0.068999999,0.068999999,0.068999999
1855,0.070999999,0.070999999,0.070999999,0.070999999
1856,0.075999999,0.075999999,0.075999999,0.075999999
1857,0.076999999,0.076999999,0.076999999,0.076999999
1858,0.077999999,0.077999999,0.077999999,0.077999999
1859,0.082999999,0.082999999,0.082999999,0.082999999
1860,0.090999999,0.090999999,0.090999999,0.090999999
1861,0.094999998,0.094999998,0.094999998,0.094999998
1862,0.096999998,0.096999998,0.096999998,0.096999998
1863,0.104,0.104,0.104,0.104
1864,0.112,0.112,0.112,0.112
1865,0.119,0.119,0.119,0.119
1866,0.122,0.122,0.122,0.122
1867,0.13022269,0.13022269,0.13022269,0.13022269
1868,0.13525196,0.13525196,0.13525196,0.13525196
1869,0.14228123,0.14228123,0.14228123,0.14228123
1870,0.14731051,0.14731051,0.14731051,0.14731051
1871,0.15633978,0.15633978,0.15633978,0.15633978
1872,0.17336905,0.17336905,0.17336905,0.17336905
1873,0.18439832,0.18439832,0.18439832,0.18439832
1874,0.1744276,0.1744276,0.1744276,0.1744276
1875,0.18845687,0.18845687,0.18845687,0.18845687
1876,0.19148614,0.19148614,0.19148614,0.19148614
1877,0.19451541,0.19451541,0.19451541,0.19451541
1878,0.196,0.196,0.196,0.196
1879,0.21,0.21,0.21,0.21
1880,0.236,0.236,0.236,0.236
1881,0.243,0.243,0.243,0.243
1882,0.256,0.256,0.256,0.256
1883,0.272,0.272,0.272,0.272
1884,0.275,0.275,0.275,0.275
1885,0.27699999,0.27699999,0.27699999,0.27699999
1886,0.28099999,0.28099999,0.28099999,0.28099999
1887,0.295,0.295,0.295,0.295
1888,0.32699999,0.32699999,0.32699999,0.32699999
1889,0.32699999,0.32699999,0.32699999,0.32699999
1890,0.35599999,0.35599999,0.35599999,0.35599999
1891,0.37199999,0.37199999,0.37199999,0.37199999
1892,0.37399999,0.37399999,0.37399999,0.37399999
1893,0.36999999,0.36999999,0.36999999,0.36999999
1894,0.38299999,0.38299999,0.38299999,0.38299999
1895,0.40599999,0.40599999,0.40599999,0.40599999
1896,0.41899999,0.41899999,0.41899999,0.41899999
1897,0.43999999,0.43999999,0.43999999,0.43999999
1898,0.46499999,0.46499999,0.46499999,0.46499999
1899,0.50699999,0.50699999,0.50699999,0.50699999
1900,0.53399999,0.53399999,0.53399999,0.53399999
1901,0.55199999,0.55199999,0.55199999,0.55199999
1902,0.56599999,0.56599999,0.56599999,0.56599999
1903,0.61699999,0.61699999,0.61699999,0.61699999
1904,0.62399999,0.62399999,0.62399999,0.62399999
1905,0.66299999,0.66299999,0.66299999,0.66299999
1906,0.70699999,0.70699999,0.70699999,0.70699999
1907,0.78399999,0.78399999,0.78399999,0.78399999
1908,0.74999999,0.74999999,0.74999999,0.74999999
1909,0.78499999,0.78499999,0.78499999,0.78499999
1910,0.81899999,0.81899999,0.81899999,0.81899999
1911,0.83599999,0.83599999,0.83599999,0.83599999
1912,0.87899999,0.87899999,0.87899999,0.87899999
1913,0.94299999,0.94299999,0.94299999,0.94299999
1914,0.84999999,0.84999999,0.84999999,0.84999999
1915,0.83799999,0.83799999,0.83799999,0.83799999
1916,0.90099999,0.90099999,0.90099999,0.90099999
1917,0.95499999,0.95499999,0.95499999,0.95499999
1918,0.93599999,0.93599999,0.93599999,0.93599999
1919,0.80599999,0.80599999,0.80599999,0.80599999
1920,0.93199999,0.93199999,0.93199999,0.93199999
1921,0.80299999,0.80299999,0.80299999,0.80299999
1922,0.84499999,0.84499999,0.84499999,0.84499999
1923,0.96999999,0.96999999,0.96999999,0.96999999
1924,0.96299999,0.96299999,0.96299999,0.96299999
1925,0.97499999,0.97499999,0.97499999,0.97499999
1926,0.98299999,0.98299999,0.98299999,0.98299999
1927,1.062,1.062,1.062,1.062
1928,1.065,1.065,1.065,1.065
1929,1.145,1.145,1.145,1.145
1930,1.053,1.053,1.053,1.053
1931,0.93999999,0.93999999,0.93999999,0.93999999
1932,0.84699999,0.84699999,0.84699999,0.84699999
1933,0.89299999,0.89299999,0.89299999,0.89299999
1934,0.97299999,0.97299999,0.97299999,0.97299999
1935,1.027,1.027,1.027,1.027
1936,1.13,1.13,1.13,1.13
1937,1.209,1.209,1.209,1.209
1938,1.142,1.142,1.142,1.142
1939,1.192,1.192,1.192,1.192
1940,1.299,1.299,1.299,1.299
1941,1.334,1.334,1.334,1.334
1942,1.342,1.342,1.342,1.342
1943,1.391,1.391,1.391,1.391
1944,1.383,1.383,1.383,1.383
1945,1.16,1.16,1.16,1.16
1946,1.238,1.238,1.238,1.238
1947,1.392,1.392,1.392,1.392
1948,1.469,1.469,1.469,1.469
1949,1.419,1.419,1.419,1.419
1950,1.63,1.63,1.63,1.63
1951,1.768,1.768,1.768,1.768
1952,1.796,1.796,1.796,1.796
1953,1.841,1.841,1.841,1.841
1954,1.865,1.865,1.865,1.865
1955,2.043,2.043,2.043,2.043
1956,2.178,2.178,2.178,2.178
1957,2.27,2.27,2.27,2.27
1958,2.33,2.33,2.33,2.33
1959,2.462,2.462,2.462,2.462
1960,2.577,2.577,2.577,2.577
1961,2.594,2.594,2.594,2.594
1962,2.7,2.7,2.7,2.7
1963,2.848,2.848,2.848,2.848
1964,3.008,3.008,3.008,3.008
1965,3.145,3.145,3.145,3.145
1966,3.305,3.305,3.305,3.305
1967,3.411,3.411,3.411,3.411
1968,3.588,3.588,3.588,3.588
1969,3.8,3.8,3.8,3.8
1970,4.076,4.076,4.076,4.076
1971,4.231,4.231,4.231,4.231
1972,4.399,4.399,4.399,4.399
1973,4.6349999,4.6349999,4.6349999,4.6349999
1974,4.644,4.644,4.644,4.644
1975,4.615,4.615,4.615,4.615
1976,4.883,4.883,4.883,4.883
1977,5.029,5.029,5.029,5.029
1978,5.105,5.105,5.105,5.105
1979,5.387,5.387,5.387,5.387
1980,5.332,5.332,5.332,5.332
1981,5.168,5.168,5.168,5.168
1982,5.127,5.127,5.127,5.127
1983,5.11,5.11,5.11,5.11
1984,5.29,5.29,5.29,5.29
1985,5.444,5.444,5.444,5.444
1986,5.61,5.61,5.61,5.61
1987,5.753,5.753,5.753,5.753
1988,5.964,5.964,5.964,5.964
1989,6.089,6.089,6.089,6.089
1990,6.144,6.144,6.144,6.144
1991,6.235,6.235,6.235,6.235
1992,6.118,6.118,6.118,6.118
1993,6.124,6.124,6.124,6.124
1994,6.242,6.242,6.242,6.242
1995,6.372,6.372,6.372,6.372
1996,6.51,6.51,6.51,6.51
1997,6.619,6.619,6.619,6.619
1998,6.588,6.588,6.588,6.588
1999,6.569,6.569,6.569,6.569
2000,6.735,6.735,6.735,6.735
2001,6.8959,6.8959,6.8959,6.8959
2002,6.949,6.949,6.949,6.949
2003,7.286,7.286,7.286,7.286
2004,7.6719,7.6719,7.6719,7.6719
2005,7.971,7.971,7.971,7.971
2006,8.1615,8.081,8.0985,8.1427
2007,8.3523,8.1899,8.226,8.3136
2008,8.5434,8.2971667,8.3531333,8.4828667
2009,8.7345,8.4044333,8.4802667,8.6521333
2010,8.9256,8.5117,8.6074,8.8214
2011,9.18679,8.55557,8.73381,8.86803
2012,9.44798,8.59944,8.86022,8.91466
2013,9.70917,8.64331,8.98663,8.96129
2014,9.97036,8.68718,9.11304,9.00792
2015,10.23155,8.73105,9.23945,9.05455
2016,10.49274,8.77492,9.36586,9.10118
2017,10.75393,8.81879,9.49227,9.14781
2018,11.01512,8.86266,9.61868,9.19444
2019,11.27631,8.90653,9.74509,9.24107
2020,11.5375,8.9504,9.8715,9.2877
2021,11.76766,9.05487,9.97968,9.07462
2022,11.99782,9.15934,10.08786,8.86154
2023,12.22798,9.26381,10.19604,8.64846
2024,12.45814,9.36828,10.30422,8.43538
2025,12.6883,9.47275,10.4124,8.2223
2026,12.91846,9.57722,10.52058,8.00922
2027,13.14862,9.68169,10.62876,7.79614
2028,13.37878,9.78616,10.73694,7.58306
2029,13.60894,9.89063,10.84512,7.36998
2030,13.8391,9.9951,10.9533,7.1569
2031,14.13385,10.15102,10.99177,6.8947
2032,14.4286,10.30694,11.03024,6.6325
2033,14.72335,10.46286,11.06871,6.3703
2034,15.0181,10.61878,11.10718,6.1081
2035,15.31285,10.7747,11.14565,5.8459
2036,15.6076,10.93062,11.18412,5.5837
2037,15.90235,11.08654,11.22259,5.3215
2038,16.1971,11.24246,11.26106,5.0593
2039,16.49185,11.39838,11.29953,4.7971
2040,16.7866,11.5543,11.338,4.5349
2041,17.1284,11.70325,11.30733,4.39997
2042,17.4702,11.8522,11.27666,4.26504
2043,17.812,12.00115,11.24599,4.13011
2044,18.1538,12.1501,11.21532,3.99518
2045,18.4956,12.29905,11.18465,3.86025
2046,18.8374,12.448,11.15398,3.72532
2047,19.1792,12.59695,11.12331,3.59039
2048,19.521,12.7459,11.09264,3.45546
2049,19.8628,12.89485,11.06197,3.32053
2050,20.2046,13.0438,11.0313,3.1856
2051,20.54375,13.22186,10.86829,3.00896
2052,20.8829,13.39992,10.70528,2.83232
2053,21.22205,13.57798,10.54227,2.65568
2054,21.5612,13.75604,10.37926,2.47904
2055,21.90035,13.9341,10.21625,2.3024
2056,22.2395,14.11216,10.05324,2.12576
2057,22.57865,14.29022,9.89023,1.94912
2058,22.9178,14.46828,9.72722,1.77248
2059,23.25695,14.64634,9.56421,1.59584
2060,23.5961,14.8244,9.4012,1.4192
2061,23.83271,14.99256,9.1729,1.28885
2062,24.06932,15.16072,8.9446,1.1585
2063,24.30593,15.32888,8.7163,1.02815
2064,24.54254,15.49704,8.488,0.8978
2065,24.77915,15.6652,8.2597,0.76745
2066,25.01576,15.83336,8.0314,0.6371
2067,25.25237,16.00152,7.8031,0.50675
2068,25.48898,16.16968,7.5748,0.3764
2069,25.72559,16.33784,7.3465,0.24605
2070,25.9622,16.506,7.1182,0.1157
2071,26.10659,16.58346,6.82459,0.06083
2072,26.25098,16.66092,6.53098,0.00596
2073,26.39537,16.73838,6.23737,-0.04891
2074,26.53976,16.81584,5.94376,-0.10378
2075,26.68415,16.8933,5.65015,-0.15865
2076,26.82854,16.97076,5.35654,-0.21352
2077,26.97293,17.04822,5.06293,-0.26839
2078,27.11732,17.12568,4.76932,-0.32326
2079,27.26171,17.20314,4.47571,-0.37813
2080,27.4061,17.2806,4.1821,-0.433
2081,27.49916,16.98385,4.18314,-0.47674
2082,27.59222,16.6871,4.18418,-0.52048
2083,27.68528,16.39035,4.18522,-0.56422
2084,27.77834,16.0936,4.18626,-0.60796
2085,27.8714,15.79685,4.1873,-0.6517
2086,27.96446,15.5001,4.18834,-0.69544
2087,28.05752,15.20335,4.18938,-0.73918
2088,28.15058,14.9066,4.19042,-0.78292
2089,28.24364,14.60985,4.19146,-0.82666
2090,28.3367,14.3131,4.1925,-0.8704
2091,28.37703,14.25712,4.19355,-0.87644
2092,28.41736,14.20114,4.1946,-0.88248
2093,28.45769,14.14516,4.19565,-0.88852
2094,28.49802,14.08918,4.1967,-0.89456
2095,28.53835,14.0332,4.19775,-0.9006
2096,28.57868,13.97722,4.1988,-0.90664
2097,28.61901,13.92124,4.19985,-0.91268
2098,28.65934,13.86526,4.2009,-0.91872
2099,28.69967,13.80928,4.20195,-0.92476
2100,28.74,13.7533,4.203,-0.9308
2101,28.74,13.548236,4.09086,-0.9308
2102,28.74,13.343172,3.97872,-0.9308
2103,28.74,13.138108,3.86658,-0.9308
2104,28.74,12.933044,3.75444,-0.9308
2105,28.74,12.72798,3.6423,-0.9308
2106,28.74,12.522916,3.53016,-0.9308
2107,28.74,12.317852,3.41802,-0.9308
2108,28.74,12.112788,3.30588,-0.9308
2109,28.74,11.907724,3.19374,-0.9308
2110,28.74,11.70266,3.0816,-0.9308
2111,28.74,11.497596,3.00189,-0.9308
2112,28.74,11.292532,2.92218,-0.9308
2113,28.74,11.087468,2.84247,-0.9308
2114,28.74,10.882404,2.76276,-0.9308
2115,28.74,10.67734,2.68305,-0.9308
2116,28.74,10.472276,2.60334,-0.9308
2117,28.74,10.267212,2.52363,-0.9308
2118,28.74,10.062148,2.44392,-0.9308
2119,28.74,9.857084,2.36421,-0.9308
2120,28.74,9.65202,2.2845,-0.9308
2121,28.74,9.446956,2.25245,-0.9308
2122,28.74,9.241892,2.2204,-0.9308
2123,28.74,9.036828,2.18835,-0.9308
2124,28.74,8.831764,2.1563,-0.9308
2125,28.74,8.6267,2.12425,-0.9308
2126,28.74,8.4216348,2.0922,-0.9308
2127,28.74,8.2165696,2.06015,-0.9308
2128,28.74,8.0115043,2.0281,-0.9308
2129,28.74,7.8064391,1.99605,-0.9308
2130,28.74,7.6013739,1.964,-0.9308
2131,28.74,7.3963087,1.93853,-0.9308
2132,28.74,7.1912435,1.91306,-0.9308
2133,28.74,6.9861783,1.88759,-0.9308
2134,28.74,6.781113,1.86212,-0.9308
2135,28.74,6.5760478,1.83665,-0.9308
2136,28.74,6.3709826,1.81118,-0.9308
2137,28.74,6.1659174,1.78571,-0.9308
2138,28.74,5.9608522,1.76024,-0.9308
2139,28.74,5.755787,1.73477,-0.9308
2140,28.74,5.5507217,1.7093,-0.9308
2141,28.74,5.3456565,1.6831375,-0.9308
2142,28.74,5.1405913,1.656975,-0.9308
2143,28.74,4.9355261,1.6308125,-0.9308
2144,28.74,4.7304609,1.60465,-0.9308
2145,28.74,4.5253957,1.5784875,-0.9308
2146,28.74,4.3203304,1.552325,-0.9308
2147,28.74,4.1152652,1.5261625,-0.9308
2148,28.74,3.9102,1.5,-0.9308
2149,28.74,3.5678,1.5354,-0.9308
2150,28.74,3.5062,1.5468,-0.9308
2151,28.470205,3.4375,1.5531,-0.9308
2152,28.20041,3.3717,1.5547,-0.9308
2153,27.930615,3.3114,1.5527,-0.9308
2154,27.66082,3.2545,1.5482,-0.9308
2155,27.391026,3.2005,1.5419,-0.9308
2156,27.121231,3.15264,1.5324,-0.9308
2157,26.851436,3.10478,1.5229,-0.9308
2158,26.581641,3.05692,1.5134,-0.9308
2159,26.311846,3.00906,1.5039,-0.9308
2160,26.042051,2.9612,1.4944,-0.9308
2161,25.772256,2.92104,1.48311,-0.9308
2162,25.502461,2.88088,1.47182,-0.9308
2163,25.232666,2.84072,1.46053,-0.9308
2164,24.962871,2.80056,1.44924,-0.9308
2165,24.693077,2.7604,1.43795,-0.9308
2166,24.423282,2.7258,1.42666,-0.9308
2167,24.153487,2.6912,1.41537,-0.9308
2168,23.883692,2.6566,1.40408,-0.9308
2169,23.613897,2.622,1.39279,-0.9308
2170,23.344102,2.5874,1.3815,-0.9308
2171,23.074307,2.55704,1.3712,-0.9308
2172,22.804512,2.52668,1.3609,-0.9308
2173,22.534717,2.49632,1.3506,-0.9308
2174,22.264922,2.46596,1.3403,-0.9308
2175,21.995128,2.4356,1.33,-0.9308
2176,21.725333,2.40884,1.3197,-0.9308
2177,21.455538,2.38208,1.3094,-0.9308
2178,21.185743,2.35532,1.2991,-0.9308
2179,20.915948,2.32856,1.2888,-0.9308
2180,20.646153,2.3018,1.2785,-0.9308
2181,20.376358,2.27802,1.26966,-0.9308
2182,20.106563,2.25424,1.26082,-0.9308
2183,19.836768,2.23046,1.25198,-0.9308
2184,19.566973,2.20668,1.24314,-0.9308
2185,19.297179,2.1829,1.2343,-0.9308
2186,19.027384,2.1617,1.22546,-0.9308
2187,18.757589,2.1405,1.21662,-0.9308
2188,18.487794,2.1193,1.20778,-0.9308
2189,18.217999,2.0981,1.19894,-0.9308
2190,17.948204,2.0769,1.1901,-0.9308
2191,17.678409,2.05792,1.18257,-0.9308
2192,17.408614,2.03894,1.17504,-0.9308
2193,17.138819,2.01996,1.16751,-0.9308
2194,16.869024,2.00098,1.15998,-0.9308
2195,16.59923,1.982,1.15245,-0.9308
2196,16.329435,1.96498,1.14492,-0.9308
2197,16.05964,1.94796,1.13739,-0.9308
2198,15.789845,1.93094,1.12986,-0.9308
2199,15.52005,1.91392,1.12233,-0.9308
2200,15.250255,1.8969,1.1148,-0.9308
2201,14.98046,1.88235,1.10836,-0.9308
2202,14.710665,1.8678,1.10192,-0.9308
2203,14.44087,1.85325,1.09548,-0.9308
2204,14.171076,1.8387,1.08904,-0.9308
2205,13.901281,1.82415,1.0826,-0.9308
2206,13.631486,1.8096,1.07616,-0.9308
2207,13.361691,1.79505,1.06972,-0.9308
2208,13.091896,1.7805,1.06328,-0.9308
2209,12.822101,1.76595,1.05684,-0.9308
2210,12.552306,1.7514,1.0504,-0.9308
2211,12.282511,1.73953,1.04486,-0.9308
2212,12.012716,1.72766,1.03932,-0.9308
2213,11.742921,1.71579,1.03378,-0.9308
2214,11.473127,1.70392,1.02824,-0.9308
2215,11.203332,1.69205,1.0227,-0.9308
2216,10.933537,1.68018,1.01716,-0.9308
2217,10.663742,1.66831,1.01162,-0.9308
2218,10.393947,1.65644,1.00608,-0.9308
2219,10.124152,1.64457,1.00054,-0.9308
2220,9.8543571,1.6327,0.995,-0.9308
2221,9.5845622,1.62294,0.99023,-0.9308
2222,9.3147673,1.61318,0.98546,-0.9308
2223,9.0449724,1.60342,0.98069,-0.9308
2224,8.7751776,1.59366,0.97592,-0.9308
2225,8.5053827,1.5839,0.97115,-0.9308
2226,8.2355878,1.57414,0.96638,-0.9308
2227,7.9657929,1.56438,0.96161,-0.9308
2228,7.695998,1.55462,0.95684,-0.9308
2229,7.4262031,1.54486,0.95207,-0.9308
2230,7.1564082,1.5351,0.9473,-0.9308
2231,6.8866133,1.52697,0.94314,-0.9308
2232,6.6168184,1.51884,0.93898,-0.9308
2233,6.3470235,1.51071,0.93482,-0.9308
2234,6.0772286,1.50258,0.93066,-0.9308
2235,5.8074337,1.49445,0.9265,-0.9308
2236,5.5376388,1.48632,0.92234,-0.9308
2237,5.2678439,1.47819,0.91818,-0.9308
2238,4.998049,1.47006,0.91402,-0.9308
2239,4.7282541,1.46193,0.90986,-0.9308
2240,4.4584592,1.4538,0.9057,-0.9308
2241,4.1886643,1.44702,0.90206,-0.9308
2242,3.9188694,1.44024,0.89842,-0.9308
2243,3.6490745,1.43346,0.89478,-0.9308
2244,3.3792796,1.42668,0.89114,-0.9308
2245,3.1094847,1.4199,0.8875,-0.9308
2246,2.8396898,1.41312,0.88386,-0.9308
2247,2.5698949,1.40634,0.88022,-0.9308
2248,2.3001,1.39956,0.87658,-0.9308
2249,2.088,1.39278,0.87294,-0.9308
2250,2.0458,1.386,0.8693,-0.9308
2251,2.05004,1.380872,0.8661,-0.9308
2252,2.05428,1.375744,0.8629,-0.9308
2253,2.05852,1.370616,0.8597,-0.9308
2254,2.06276,1.365488,0.8565,-0.9308
2255,2.067,1.36036,0.8533,-0.9308
2256,2.07852,1.355232,0.8501,-0.9308
2257,2.09004,1.350104,0.8469,-0.9308
2258,2.10156,1.344976,0.8437,-0.9308
2259,2.11308,1.339848,0.8405,-0.9308
2260,2.1246,1.33472,0.8373,-0.9308
2261,2.1217267,1.329592,0.83445,-0.9308
2262,2.1188533,1.324464,0.8316,-0.9308
2263,2.11598,1.319336,0.82875,-0.9308
2264,2.1131067,1.314208,0.8259,-0.9308
2265,2.1102333,1.30908,0.82305,-0.9308
2266,2.10736,1.303952,0.8202,-0.9308
2267,2.1044867,1.298824,0.81735,-0.9308
2268,2.1016133,1.293696,0.8145,-0.9308
2269,2.09874,1.288568,0.81165,-0.9308
2270,2.0958667,1.28344,0.8088,-0.9308
2271,2.0929933,1.278312,0.80629,-0.9308
2272,2.09012,1.273184,0.80378,-0.9308
2273,2.0872467,1.268056,0.80127,-0.9308
2274,2.0843733,1.262928,0.79876,-0.9308
2275,2.0815,1.2578,0.79625,-0.9308
2276,2.078004,1.254232,0.79374,-0.9308
2277,2.074508,1.250664,0.79123,-0.9308
2278,2.071012,1.247096,0.78872,-0.9308
2279,2.067516,1.243528,0.78621,-0.9308
2280,2.06402,1.23996,0.7837,-0.9308
2281,2.060524,1.236392,0.78142,-0.9308
2282,2.057028,1.232824,0.77914,-0.9308
2283,2.053532,1.229256,0.77686,-0.9308
2284,2.050036,1.225688,0.77458,-0.9308
2285,2.04654,1.22212,0.7723,-0.9308
2286,2.043044,1.218552,0.77002,-0.9308
2287,2.039548,1.214984,0.76774,-0.9308
2288,2.036052,1.211416,0.76546,-0.9308
2289,2.032556,1.207848,0.76318,-0.9308
2290,2.02906,1.20428,0.7609,-0.9308
2291,2.025564,1.200712,0.75884,-0.9308
2292,2.022068,1.197144,0.75678,-0.9308
2293,2.018572,1.193576,0.75472,-0.9308
2294,2.015076,1.190008,0.75266,-0.9308
2295,2.01158,1.18644,0.7506,-0.9308
2296,2.008084,1.182872,0.74854,-0.9308
2297,2.004588,1.179304,0.74648,-0.9308
2298,2.001092,1.175736,0.74442,-0.9308
2299,1.997596,1.172168,0.74236,-0.9308
2300,1.9941,1.1686,0.7403,-0.9308
2301,1.991988,1.165964,0.738714,-0.9308
2302,1.989876,1.163328,0.737128,-0.9308
2303,1.987764,1.160692,0.735542,-0.9308
2304,1.985652,1.158056,0.733956,-0.9308
2305,1.98354,1.15542,0.73237,-0.9308
2306,1.981428,1.152784,0.730784,-0.9308
2307,1.979316,1.150148,0.729198,-0.9308
2308,1.977204,1.147512,0.727612,-0.9308
2309,1.975092,1.144876,0.726026,-0.9308
2310,1.97298,1.14224,0.72444,-0.9308
2311,1.970868,1.139604,0.722854,-0.9308
2312,1.968756,1.136968,0.721268,-0.9308
2313,1.966644,1.134332,0.719682,-0.9308
2314,1.964532,1.131696,0.718096,-0.9308
2315,1.96242,1.12906,0.71651,-0.9308
2316,1.960308,1.126424,0.714924,-0.9308
2317,1.958196,1.123788,0.713338,-0.9308
2318,1.956084,1.121152,0.711752,-0.9308
2319,1.953972,1.118516,0.710166,-0.9308
2320,1.95186,1.11588,0.70858,-0.9308
2321,1.949748,1.113244,0.706994,-0.9308
2322,1.947636,1.110608,0.705408,-0.9308
2323,1.945524,1.107972,0.703822,-0.9308
2324,1.943412,1.105336,0.702236,-0.9308
2325,1.9413,1.1027,0.70065,-0.9308
2326,1.939188,1.100632,0.699064,-0.9308
2327,1.937076,1.098564,0.697478,-0.9308
2328,1.934964,1.096496,0.695892,-0.9308
2329,1.932852,1.094428,0.694306,-0.9308
2330,1.93074,1.09236,0.69272,-0.9308
2331,1.928628,1.090292,0.691134,-0.9308
2332,1.926516,1.088224,0.689548,-0.9308
2333,1.924404,1.086156,0.687962,-0.9308
2334,1.922292,1.084088,0.686376,-0.9308
2335,1.92018,1.08202,0.68479,-0.9308
2336,1.918068,1.079952,0.683204,-0.9308
2337,1.915956,1.077884,0.681618,-0.9308
2338,1.913844,1.075816,0.680032,-0.9308
2339,1.911732,1.073748,0.678446,-0.9308
2340,1.90962,1.07168,0.67686,-0.9308
2341,1.907508,1.069612,0.675274,-0.9308
2342,1.905396,1.067544,0.673688,-0.9308
2343,1.903284,1.065476,0.672102,-0.9308
2344,1.901172,1.063408,0.670516,-0.9308
2345,1.89906,1.06134,0.66893,-0.9308
2346,1.896948,1.059272,0.667344,-0.9308
2347,1.894836,1.057204,0.665758,-0.9308
2348,1.892724,1.055136,0.664172,-0.9308
2349,1.890612,1.053068,0.662586,-0.9308
2350,1.8885,1.051,0.661,-0.9308
2351,1.885994,1.049292,0.659886,-0.9308
2352,1.883488,1.047584,0.658772,-0.9308
2353,1.880982,1.045876,0.657658,-0.9308
2354,1.878476,1.044168,0.656544,-0.9308
2355,1.87597,1.04246,0.65543,-0.9308
2356,1.873464,1.040752,0.654316,-0.9308
2357,1.870958,1.039044,0.653202,-0.9308
2358,1.868452,1.037336,0.652088,-0.9308
2359,1.865946,1.035628,0.650974,-0.9308
2360,1.86344,1.03392,0.64986,-0.9308
2361,1.860934,1.032212,0.648746,-0.9308
2362,1.858428,1.030504,0.647632,-0.9308
2363,1.855922,1.028796,0.646518,-0.9308
2364,1.853416,1.027088,0.645404,-0.9308
2365,1.85091,1.02538,0.64429,-0.9308
2366,1.848404,1.023672,0.643176,-0.9308
2367,1.845898,1.021964,0.642062,-0.9308
2368,1.843392,1.020256,0.640948,-0.9308
2369,1.840886,1.018548,0.639834,-0.9308
2370,1.83838,1.01684,0.63872,-0.9308
2371,1.835874,1.015132,0.637606,-0.9308
2372,1.833368,1.013424,0.636492,-0.9308
2373,1.830862,1.011716,0.635378,-0.9308
2374,1.828356,1.010008,0.634264,-0.9308
2375,1.82585,1.0083,0.63315,-0.9308
2376,1.823344,1.006816,0.632036,-0.9308
2377,1.820838,1.005332,0.630922,-0.9308
2378,1.818332,1.003848,0.629808,-0.9308
2379,1.815826,1.002364,0.628694,-0.9308
2380,1.81332,1.00088,0.62758,-0.9308
2381,1.810814,0.999396,0.626466,-0.9308
2382,1.808308,0.997912,0.625352,-0.9308
2383,1.805802,0.996428,0.624238,-0.9308
2384,1.803296,0.994944,0.623124,-0.9308
2385,1.80079,0.99346,0.62201,-0.9308
2386,1.798284,0.991976,0.620896,-0.9308
2387,1.795778,0.990492,0.619782,-0.9308
2388,1.793272,0.989008,0.618668,-0.9308
2389,1.790766,0.987524,0.617554,-0.9308
2390,1.78826,0.98604,0.61644,-0.9308
2391,1.785754,0.984556,0.615326,-0.9308
2392,1.783248,0.983072,0.614212,-0.9308
2393,1.780742,0.981588,0.613098,-0.9308
2394,1.778236,0.980104,0.611984,-0.9308
2395,1.77573,0.97862,0.61087,-0.9308
2396,1.773224,0.977136,0.609756,-0.9308
2397,1.770718,0.975652,0.608642,-0.9308
2398,1.768212,0.974168,0.607528,-0.9308
2399,1.765706,0.972684,0.606414,-0.9308
2400,1.7632,0.9712,0.6053,-0.9308
2401,1.760278,0.969888,0.604434,-0.9308
2402,1.757356,0.968576,0.603568,-0.9308
2403,1.754434,0.967264,0.602702,-0.9308
2404,1.751512,0.965952,0.601836,-0.9308
2405,1.74859,0.96464,0.60097,-0.9308
2406,1.745668,0.963328,0.600104,-0.9308
2407,1.742746,0.962016,0.599238,-0.9308
2408,1.739824,0.960704,0.598372,-0.9308
2409,1.736902,0.959392,0.597506,-0.9308
2410,1.73398,0.95808,0.59664,-0.9308
2411,1.731058,0.956768,0.595774,-0.9308
2412,1.728136,0.955456,0.594908,-0.9308
2413,1.725214,0.954144,0.594042,-0.9308
2414,1.722292,0.952832,0.593176,-0.9308
2415,1.71937,0.95152,0.59231,-0.9308
2416,1.716448,0.950208,0.591444,-0.9308
2417,1.713526,0.948896,0.590578,-0.9308
2418,1.710604,0.947584,0.589712,-0.9308
2419,1.707682,0.946272,0.588846,-0.9308
2420,1.70476,0.94496,0.58798,-0.9308
2421,1.701838,0.943648,0.587114,-0.9308
2422,1.698916,0.942336,0.586248,-0.9308
2423,1.695994,0.941024,0.585382,-0.9308
2424,1.693072,0.939712,0.584516,-0.9308
2425,1.69015,0.9384,0.58365,-0.9308
2426,1.687228,0.937196,0.582784,-0.9308
2427,1.684306,0.935992,0.581918,-0.9308
2428,1.681384,0.934788,0.581052,-0.9308
2429,1.678462,0.933584,0.580186,-0.9308
2430,1.67554,0.93238,0.57932,-0.9308
2431,1.672618,0.931176,0.578454,-0.9308
2432,1.669696,0.929972,0.577588,-0.9308
2433,1.666774,0.928768,0.576722,-0.9308
2434,1.663852,0.927564,0.575856,-0.9308
2435,1.66093,0.92636,0.57499,-0.9308
2436,1.658008,0.925156,0.574124,-0.9308
2437,1.655086,0.923952,0.573258,-0.9308
2438,1.652164,0.922748,0.572392,-0.9308
2439,1.649242,0.921544,0.571526,-0.9308
2440,1.64632,0.92034,0.57066,-0.9308
2441,1.643398,0.919136,0.569794,-0.9308
2442,1.640476,0.917932,0.568928,-0.9308
2443,1.637554,0.916728,0.568062,-0.9308
2444,1.634632,0.915524,0.567196,-0.9308
2445,1.63171,0.91432,0.56633,-0.9308
2446,1.628788,0.913116,0.565464,-0.9308
2447,1.625866,0.911912,0.564598,-0.9308
2448,1.622944,0.910708,0.563732,-0.9308
2449,1.620022,0.909504,0.562866,-0.9308
2450,1.6171,0.9083,0.562,-0.9308
2451,1.61445,0.907176,0.56425,-0.9308
2452,1.6118,0.906052,0.5665,-0.9308
2453,1.60915,0.904928,0.56875,-0.9308
2454,1.6065,0.903804,0.571,-0.9308
2455,1.60385,0.90268,0.57325,-0.9308
2456,1.6012,0.901556,0.5755,-0.9308
2457,1.59855,0.900432,0.57775,-0.9308
2458,1.5959,0.899308,0.58,-0.9308
2459,1.59325,0.898184,0.58225,-0.9308
2460,1.5906,0.89706,0.5845,-0.9308
2461,1.58795,0.895936,0.58675,-0.9308
2462,1.5853,0.894812,0.589,-0.9308
2463,1.58265,0.893688,0.59125,-0.9308
2464,1.58,0.892564,0.5935,-0.9308
2465,1.57735,0.89144,0.59575,-0.9308
2466,1.5747,0.890316,0.598,-0.9308
2467,1.57205,0.889192,0.60025,-0.9308
2468,1.5694,0.888068,0.6025,-0.9308
2469,1.56675,0.886944,0.60475,-0.9308
2470,1.5641,0.88582,0.607,-0.9308
2471,1.56145,0.884696,0.60925,-0.9308
2472,1.5588,0.883572,0.6115,-0.9308
2473,1.55615,0.882448,0.61375,-0.9308
2474,1.5535,0.881324,0.616,-0.9308
2475,1.55085,0.8802,0.61825,-0.9308
2476,1.5482,0.879152,0.6205,-0.9308
2477,1.54555,0.878104,0.62275,-0.9308
2478,1.5429,0.877056,0.625,-0.9308
2479,1.54025,0.876008,0.62725,-0.9308
2480,1.5376,0.87496,0.6295,-0.9308
2481,1.53495,0.873912,0.63175,-0.9308
2482,1.5323,0.872864,0.634,-0.9308
2483,1.52965,0.871816,0.63625,-0.9308
2484,1.527,0.870768,0.6385,-0.9308
2485,1.52435,0.86972,0.64075,-0.9308
2486,1.5217,0.868672,0.643,-0.9308
2487,1.51905,0.867624,0.64525,-0.9308
2488,1.5164,0.866576,0.6475,-0.9308
2489,1.51375,0.865528,0.64975,-0.9308
2490,1.5111,0.86448,0.652,-0.9308
2491,1.50845,0.863432,0.65425,-0.9308
2492,1.5058,0.862384,0.6565,-0.9308
2493,1.50315,0.861336,0.65875,-0.9308
2494,1.5005,0.860288,0.661,-0.9308
2495,1.49785,0.85924,0.66325,-0.9308
2496,1.4952,0.858192,0.6655,-0.9308
2497,1.49255,0.857144,0.66775,-0.9308
2498,1.4899,0.856096,0.67,-0.9308
2499,1.48725,0.855048,0.67225,-0.9308
2500,1.4846,0.854,0.6745,-0.9308